powhatan_word,english_translation,word_class,source,license,orthography,notes,audio_url
Nemarough,a man,n/a,Smith (1624) & Strachey (1612),Public Domain,Historical Colonial,Bulk ingested,
Crenepo,a woman,n/a,Smith (1624) & Strachey (1612),Public Domain,Historical Colonial,Bulk ingested,
Marowanchesso,a boy,n/a,Smith (1624) & Strachey (1612),Public Domain,Historical Colonial,Bulk ingested,
Yehawkans,Houses,n/a,Smith (1624) & Strachey (1612),Public Domain,Historical Colonial,Bulk ingested,
Matchcores,Skins or garments,n/a,Smith (1624) & Strachey (1612),Public Domain,Historical Colonial,Bulk ingested,
Mockasins,Shoes,n/a,Smith (1624) & Strachey (1612),Public Domain,Historical Colonial,Bulk ingested,
Tussan,Beds,n/a,Smith (1624) & Strachey (1612),Public Domain,Historical Colonial,Bulk ingested,
Pokatawer,Fire,n/a,Smith (1624) & Strachey (1612),Public Domain,Historical Colonial,Bulk ingested,
Attawp,A bow,n/a,Smith (1624) & Strachey (1612),Public Domain,Historical Colonial,Bulk ingested,
Attonce,Arrows,n/a,Smith (1624) & Strachey (1612),Public Domain,Historical Colonial,Bulk ingested,
Monacookes,Swords,n/a,Smith (1624) & Strachey (1612),Public Domain,Historical Colonial,Bulk ingested,
Aumoughhowgh,A Target,n/a,Smith (1624) & Strachey (1612),Public Domain,Historical Colonial,Bulk ingested,
Pawcussacks,Guns,n/a,Smith (1624) & Strachey (1612),Public Domain,Historical Colonial,Bulk ingested,
Tomahacks,Axes,n/a,Smith (1624) & Strachey (1612),Public Domain,Historical Colonial,Bulk ingested,
Tockahacks,Pickaxes,n/a,Smith (1624) & Strachey (1612),Public Domain,Historical Colonial,Bulk ingested,
Pamesacks,Knives,n/a,Smith (1624) & Strachey (1612),Public Domain,Historical Colonial,Bulk ingested,
Accowprets,Shears,n/a,Smith (1624) & Strachey (1612),Public Domain,Historical Colonial,Bulk ingested,
Pawpecones,Pipes,n/a,Smith (1624) & Strachey (1612),Public Domain,Historical Colonial,Bulk ingested,
Mattassin,Copper,n/a,Smith (1624) & Strachey (1612),Public Domain,Historical Colonial,Bulk ingested,
Vssawassin,"Iron, Brass, Silver, or any white metal",n/a,Smith (1624) & Strachey (1612),Public Domain,Historical Colonial,Bulk ingested,
Musses,Woods,n/a,Smith (1624) & Strachey (1612),Public Domain,Historical Colonial,Bulk ingested,
Attasskuss,"Leaves, weeds, or grass",n/a,Smith (1624) & Strachey (1612),Public Domain,Historical Colonial,Bulk ingested,
Chepsin,Land,n/a,Smith (1624) & Strachey (1612),Public Domain,Historical Colonial,Bulk ingested,
Shacquohocan,A stone,n/a,Smith (1624) & Strachey (1612),Public Domain,Historical Colonial,Bulk ingested,
Suckahanna,Water,n/a,Smith (1624) & Strachey (1612),Public Domain,Historical Colonial,Bulk ingested,
Noughmass,Fish,n/a,Smith (1624) & Strachey (1612),Public Domain,Historical Colonial,Bulk ingested,
Copotone,Sturgeon,n/a,Smith (1624) & Strachey (1612),Public Domain,Historical Colonial,Bulk ingested,
Weghshaughes,Flesh,n/a,Smith (1624) & Strachey (1612),Public Domain,Historical Colonial,Bulk ingested,
Sawwehone,Blood,n/a,Smith (1624) & Strachey (1612),Public Domain,Historical Colonial,Bulk ingested,
Netoppew,Friends,n/a,Smith (1624) & Strachey (1612),Public Domain,Historical Colonial,Bulk ingested,
Marrapough,Enemies,n/a,Smith (1624) & Strachey (1612),Public Domain,Historical Colonial,Bulk ingested,
Necut,one,n/a,Smith (1624) & Strachey (1612),Public Domain,Historical Colonial,Bulk ingested,
Ningh,two,n/a,Smith (1624) & Strachey (1612),Public Domain,Historical Colonial,Bulk ingested,
Nuss,three,n/a,Smith (1624) & Strachey (1612),Public Domain,Historical Colonial,Bulk ingested,
Yowgh,four,n/a,Smith (1624) & Strachey (1612),Public Domain,Historical Colonial,Bulk ingested,
Paranske,five,n/a,Smith (1624) & Strachey (1612),Public Domain,Historical Colonial,Bulk ingested,
Comotinch,six,n/a,Smith (1624) & Strachey (1612),Public Domain,Historical Colonial,Bulk ingested,
Toppawoss,seven,n/a,Smith (1624) & Strachey (1612),Public Domain,Historical Colonial,Bulk ingested,
Nusswash,eight,n/a,Smith (1624) & Strachey (1612),Public Domain,Historical Colonial,Bulk ingested,
Kekatawgh,nine,n/a,Smith (1624) & Strachey (1612),Public Domain,Historical Colonial,Bulk ingested,
Keskeke,ten,n/a,Smith (1624) & Strachey (1612),Public Domain,Historical Colonial,Bulk ingested,
Osies,Heavens,n/a,Smith (1624) & Strachey (1612),Public Domain,Historical Colonial,Bulk ingested,
Okes,Gods,n/a,Smith (1624) & Strachey (1612),Public Domain,Historical Colonial,Bulk ingested,
Aposon,Opossum,n/a,Smith (1624) & Strachey (1612),Public Domain,Historical Colonial,Bulk ingested,
Aquintayne,a boat or canoe,n/a,Smith (1624) & Strachey (1612),Public Domain,Historical Colonial,Bulk ingested,
Assahampehooke,a lobster,n/a,Smith (1624) & Strachey (1612),Public Domain,Historical Colonial,Bulk ingested,
Boketawh,fire,n/a,Smith (1624) & Strachey (1612),Public Domain,Historical Colonial,Bulk ingested,
peccatoas,Beans,n/a,Smith (1624) & Strachey (1612),Public Domain,Historical Colonial,Bulk ingested,
woskan,A bone,n/a,Smith (1624) & Strachey (1612),Public Domain,Historical Colonial,Bulk ingested,
atamasku,under grass (attamasco lily),n/a,Smith (1624) & Strachey (1612),Public Domain,Historical Colonial,Bulk ingested,
chichinkwemen,rattle nut (chinquapin),n/a,Smith (1624) & Strachey (1612),Public Domain,Historical Colonial,Bulk ingested,
makasin,shoe (moccasin),n/a,Smith (1624) & Strachey (1612),Public Domain,Historical Colonial,Bulk ingested,
pasimenan,dried fruit (persimmon),n/a,Smith (1624) & Strachey (1612),Public Domain,Historical Colonial,Bulk ingested,
pakon,blood (puccoon),n/a,Smith (1624) & Strachey (1612),Public Domain,Historical Colonial,Bulk ingested,
arakun,he scratches with the hands (raccoon),n/a,Smith (1624) & Strachey (1612),Public Domain,Historical Colonial,Bulk ingested,
rokehamen,softened (rockahominy),n/a,Smith (1624) & Strachey (1612),Public Domain,Historical Colonial,Bulk ingested,
tamehakan,chopper (tomahawk),n/a,Smith (1624) & Strachey (1612),Public Domain,Historical Colonial,Bulk ingested,
Ahone,God,n/a,Smith (1624) & Strachey (1612),Public Domain,Historical Colonial,Bulk ingested,
Apome,the thigh,n/a,Smith (1624) & Strachey (1612),Public Domain,Historical Colonial,Bulk ingested,
Apooke,tobacco,n/a,Smith (1624) & Strachey (1612),Public Domain,Historical Colonial,Bulk ingested,
Apokan,a tobacco pipe,n/a,Smith (1624) & Strachey (1612),Public Domain,Historical Colonial,Bulk ingested,
Ananson,a mat,n/a,Smith (1624) & Strachey (1612),Public Domain,Historical Colonial,Bulk ingested,
Assentamens,pears,n/a,Smith (1624) & Strachey (1612),Public Domain,Historical Colonial,Bulk ingested,
Anath,farewell,n/a,Smith (1624) & Strachey (1612),Public Domain,Historical Colonial,Bulk ingested,
Assimnims,walnuts,n/a,Smith (1624) & Strachey (1612),Public Domain,Historical Colonial,Bulk ingested,
Assimoest,a fox,n/a,Smith (1624) & Strachey (1612),Public Domain,Historical Colonial,Bulk ingested,
Amahoth,a targett (shield),n/a,Smith (1624) & Strachey (1612),Public Domain,Historical Colonial,Bulk ingested,
Ampkone,a frying pan,n/a,Smith (1624) & Strachey (1612),Public Domain,Historical Colonial,Bulk ingested,
Akontant,a plaster,n/a,Smith (1624) & Strachey (1612),Public Domain,Historical Colonial,Bulk ingested,
Ammomu,to sow,n/a,Smith (1624) & Strachey (1612),Public Domain,Historical Colonial,Bulk ingested,
Aayxkehake,a spade,n/a,Smith (1624) & Strachey (1612),Public Domain,Historical Colonial,Bulk ingested,
Atapahaii,an axe (OCR: 'kixe'),n/a,Smith (1624) & Strachey (1612),Public Domain,Historical Colonial,Bulk ingested,
Asapan,a hasty pudding,n/a,Smith (1624) & Strachey (1612),Public Domain,Historical Colonial,Bulk ingested,
Apquammon,a shoe,n/a,Smith (1624) & Strachey (1612),Public Domain,Historical Colonial,Bulk ingested,
Amosens,a daughter,n/a,Smith (1624) & Strachey (1612),Public Domain,Historical Colonial,Bulk ingested,
Auppes,a bow string,n/a,Smith (1624) & Strachey (1612),Public Domain,Historical Colonial,Bulk ingested,
Anaskomens,acorns,n/a,Smith (1624) & Strachey (1612),Public Domain,Historical Colonial,Bulk ingested,
Asasqueth,the clay they make pipes of,n/a,Smith (1624) & Strachey (1612),Public Domain,Historical Colonial,Bulk ingested,
Amonsoquath,a bear,n/a,Smith (1624) & Strachey (1612),Public Domain,Historical Colonial,Bulk ingested,
Attomois,a dog,n/a,Smith (1624) & Strachey (1612),Public Domain,Historical Colonial,Bulk ingested,
Arrokoth,the side,n/a,Smith (1624) & Strachey (1612),Public Domain,Historical Colonial,Bulk ingested,
Apones,bread,n/a,Smith (1624) & Strachey (1612),Public Domain,Historical Colonial,Bulk ingested,
Arathkone,a beast like a fox,n/a,Smith (1624) & Strachey (1612),Public Domain,Historical Colonial,Bulk ingested,
Aquintayne manggoy,a great ship,n/a,Smith (1624) & Strachey (1612),Public Domain,Historical Colonial,Bulk ingested,
Aquintayne taux,a little boat or canoe,n/a,Smith (1624) & Strachey (1612),Public Domain,Historical Colonial,Bulk ingested,
oskeitch / vsqueyh / vspeuwk,above,n/a,Smith (1624) & Strachey (1612),Public Domain,Historical Colonial,Bulk ingested,
vscound,abroad,n/a,Smith (1624) & Strachey (1612),Public Domain,Historical Colonial,Bulk ingested,
anaskimmins,acorn,n/a,Smith (1624) & Strachey (1612),Public Domain,Historical Colonial,Bulk ingested,
keihtascooc / sassacomuwah,adder,n/a,Smith (1624) & Strachey (1612),Public Domain,Historical Colonial,Bulk ingested,
aunshecapa,afternoon,n/a,Smith (1624) & Strachey (1612),Public Domain,Historical Colonial,Bulk ingested,
chowhuasuw,ague (fever),n/a,Smith (1624) & Strachey (1612),Public Domain,Historical Colonial,Bulk ingested,
nindgapamutla mecreentecoh,an aching of the head,n/a,Smith (1624) & Strachey (1612),Public Domain,Historical Colonial,Bulk ingested,
vneghiawmdupmeputs,an aching of the teeth,n/a,Smith (1624) & Strachey (1612),Public Domain,Historical Colonial,Bulk ingested,
cheisk,all,n/a,Smith (1624) & Strachey (1612),Public Domain,Historical Colonial,Bulk ingested,
pocohaac,an awl or pin/needle,n/a,Smith (1624) & Strachey (1612),Public Domain,Historical Colonial,Bulk ingested,
tashoa / metatvwh neckatam,all is out,n/a,Smith (1624) & Strachey (1612),Public Domain,Historical Colonial,Bulk ingested,
kekewh,alive,n/a,Smith (1624) & Strachey (1612),Public Domain,Historical Colonial,Bulk ingested,
perervimuw,angry,n/a,Smith (1624) & Strachey (1612),Public Domain,Historical Colonial,Bulk ingested,
aamowk,angle (fishhook),n/a,Smith (1624) & Strachey (1612),Public Domain,Historical Colonial,Bulk ingested,
Wingapoh,Hello,n/a,Smith (1624) & Strachey (1612),Public Domain,Historical Colonial,Bulk ingested,
Nehtab,Hello friend,n/a,Smith (1624) & Strachey (1612),Public Domain,Historical Colonial,Bulk ingested,
Chamah,Welcome,n/a,Smith (1624) & Strachey (1612),Public Domain,Historical Colonial,Bulk ingested,
Kencuttemaum,Good morning,n/a,Smith (1624) & Strachey (1612),Public Domain,Historical Colonial,Bulk ingested,
Wingan nupawe,Sleep well,n/a,Smith (1624) & Strachey (1612),Public Domain,Historical Colonial,Bulk ingested,
Yokweme wat,Let us go away,n/a,Smith (1624) & Strachey (1612),Public Domain,Historical Colonial,Bulk ingested,
Anah,Farewell,n/a,Smith (1624) & Strachey (1612),Public Domain,Historical Colonial,Bulk ingested,
Kupe,Yes,n/a,Smith (1624) & Strachey (1612),Public Domain,Historical Colonial,Bulk ingested,
Matah,No,n/a,Smith (1624) & Strachey (1612),Public Domain,Historical Colonial,Bulk ingested,
Kehnah,Thank you,n/a,Smith (1624) & Strachey (1612),Public Domain,Historical Colonial,Bulk ingested,
Keire Patawomeck?,Are you Patawomeck?,n/a,Smith (1624) & Strachey (1612),Public Domain,Historical Colonial,Bulk ingested,
Neire Patawomeck,I am Patawomeck,n/a,Smith (1624) & Strachey (1612),Public Domain,Historical Colonial,Bulk ingested,
Neire Tassantassas,I am English,n/a,Smith (1624) & Strachey (1612),Public Domain,Historical Colonial,Bulk ingested,
Kowamanes,I love you,n/a,Smith (1624) & Strachey (1612),Public Domain,Historical Colonial,Bulk ingested,
Nenamun …,I see …,n/a,Smith (1624) & Strachey (1612),Public Domain,Historical Colonial,Bulk ingested,
Kenamun …,You see …,n/a,Smith (1624) & Strachey (1612),Public Domain,Historical Colonial,Bulk ingested,
Nenamun uttapaantam,I see a deer,n/a,Smith (1624) & Strachey (1612),Public Domain,Historical Colonial,Bulk ingested,
Nenamun tshehip,I see a bird,n/a,Smith (1624) & Strachey (1612),Public Domain,Historical Colonial,Bulk ingested,
Nenamun moussomko,I see a squirrel,n/a,Smith (1624) & Strachey (1612),Public Domain,Historical Colonial,Bulk ingested,
Nenamun namaske,I see a fish,n/a,Smith (1624) & Strachey (1612),Public Domain,Historical Colonial,Bulk ingested,
Nenamun attaankwasuwk,I see the stars,n/a,Smith (1624) & Strachey (1612),Public Domain,Historical Colonial,Bulk ingested,
Nenamun umpskwoth,I see the moon,n/a,Smith (1624) & Strachey (1612),Public Domain,Historical Colonial,Bulk ingested,
Nenamun kecuttannowas,I see lightning,n/a,Smith (1624) & Strachey (1612),Public Domain,Historical Colonial,Bulk ingested,
Nowuntamen …,I hear …,n/a,Smith (1624) & Strachey (1612),Public Domain,Historical Colonial,Bulk ingested,
Kewuntamen …,You hear …,n/a,Smith (1624) & Strachey (1612),Public Domain,Historical Colonial,Bulk ingested,
Nowuntamen tshehip,I hear a bird,n/a,Smith (1624) & Strachey (1612),Public Domain,Historical Colonial,Bulk ingested,
Nowuntamen nepetackweth,I hear thunder,n/a,Smith (1624) & Strachey (1612),Public Domain,Historical Colonial,Bulk ingested,
Neire howghwe takon,I am hungry,n/a,Smith (1624) & Strachey (1612),Public Domain,Historical Colonial,Bulk ingested,
Keire howghwe takon?,Are you hungry?,n/a,Smith (1624) & Strachey (1612),Public Domain,Historical Colonial,Bulk ingested,
Nummehcher …,I eat …,n/a,Smith (1624) & Strachey (1612),Public Domain,Historical Colonial,Bulk ingested,
Kummehcher …,You eat …,n/a,Smith (1624) & Strachey (1612),Public Domain,Historical Colonial,Bulk ingested,
Nummehcher poketaw,I eat corn,n/a,Smith (1624) & Strachey (1612),Public Domain,Historical Colonial,Bulk ingested,
Nummehcher peccatohas,I eat beans,n/a,Smith (1624) & Strachey (1612),Public Domain,Historical Colonial,Bulk ingested,
Nummehcher mahkok,I eat squash,n/a,Smith (1624) & Strachey (1612),Public Domain,Historical Colonial,Bulk ingested,
Kakwe?,What is this / that?,n/a,Smith (1624) & Strachey (1612),Public Domain,Historical Colonial,Bulk ingested,
Neire nekowi,I know,n/a,Smith (1624) & Strachey (1612),Public Domain,Historical Colonial,Bulk ingested,
Matah nekowi,I do not know,n/a,Smith (1624) & Strachey (1612),Public Domain,Historical Colonial,Bulk ingested,
Neire nowontam,I understand,n/a,Smith (1624) & Strachey (1612),Public Domain,Historical Colonial,Bulk ingested,
Matah nowontam,I do not understand,n/a,Smith (1624) & Strachey (1612),Public Domain,Historical Colonial,Bulk ingested,
Keire nowontam?,Do you understand,n/a,Smith (1624) & Strachey (1612),Public Domain,Historical Colonial,Bulk ingested,
Nehkut,One,n/a,Smith (1624) & Strachey (1612),Public Domain,Historical Colonial,Bulk ingested,
Ninge,Two,n/a,Smith (1624) & Strachey (1612),Public Domain,Historical Colonial,Bulk ingested,
Nooso,Three,n/a,Smith (1624) & Strachey (1612),Public Domain,Historical Colonial,Bulk ingested,
Yo,Four,n/a,Smith (1624) & Strachey (1612),Public Domain,Historical Colonial,Bulk ingested,
Paranse,Five,n/a,Smith (1624) & Strachey (1612),Public Domain,Historical Colonial,Bulk ingested,
Komatinge,Six,n/a,Smith (1624) & Strachey (1612),Public Domain,Historical Colonial,Bulk ingested,
Tapawes,Seven,n/a,Smith (1624) & Strachey (1612),Public Domain,Historical Colonial,Bulk ingested,
Nuskawes,Eight,n/a,Smith (1624) & Strachey (1612),Public Domain,Historical Colonial,Bulk ingested,
Kekeytawe,Nine,n/a,Smith (1624) & Strachey (1612),Public Domain,Historical Colonial,Bulk ingested,
Koske,Ten,n/a,Smith (1624) & Strachey (1612),Public Domain,Historical Colonial,Bulk ingested,
a beast in bignes like a pig and in tast alike,Aposon,n/a,Smith (1624) & Strachey (1612),Public Domain,Historical Colonial,Bulk ingested,
a great ship,Aquintayne manggoy,n/a,Smith (1624) & Strachey (1612),Public Domain,Historical Colonial,Bulk ingested,
a little boate or canoa,Aquintayne taux,n/a,Smith (1624) & Strachey (1612),Public Domain,Historical Colonial,Bulk ingested,
a lobster,Assahampehooke,n/a,Smith (1624) & Strachey (1612),Public Domain,Historical Colonial,Bulk ingested,
"oskeitch, vsqwÿh, vspeuwh",Above,n/a,Smith (1624) & Strachey (1612),Public Domain,Historical Colonial,Bulk ingested,
vscound,Abroad,n/a,Smith (1624) & Strachey (1612),Public Domain,Historical Colonial,Bulk ingested,
anaskimmins,Acorn,n/a,Smith (1624) & Strachey (1612),Public Domain,Historical Colonial,Bulk ingested,
"keihtascooc, sassacomuwah",Adder,n/a,Smith (1624) & Strachey (1612),Public Domain,Historical Colonial,Bulk ingested,
aunshecapa,Afternoone,n/a,Smith (1624) & Strachey (1612),Public Domain,Historical Colonial,Bulk ingested,
chowhwasuw,Ague,n/a,Smith (1624) & Strachey (1612),Public Domain,Historical Colonial,Bulk ingested,
cheisk,All,n/a,Smith (1624) & Strachey (1612),Public Domain,Historical Colonial,Bulk ingested,
pocohaac,An aule pin or needle,n/a,Smith (1624) & Strachey (1612),Public Domain,Historical Colonial,Bulk ingested,
"tashoac, metatvwh neckatam",All is out,n/a,Smith (1624) & Strachey (1612),Public Domain,Historical Colonial,Bulk ingested,
kekewh,Alive,n/a,Smith (1624) & Strachey (1612),Public Domain,Historical Colonial,Bulk ingested,
perervimuw,Angry,n/a,Smith (1624) & Strachey (1612),Public Domain,Historical Colonial,Bulk ingested,
aamowk,Angle,n/a,Smith (1624) & Strachey (1612),Public Domain,Historical Colonial,Bulk ingested,
maracah,Apple,n/a,Smith (1624) & Strachey (1612),Public Domain,Historical Colonial,Bulk ingested,
asqweowan,Arrow,n/a,Smith (1624) & Strachey (1612),Public Domain,Historical Colonial,Bulk ingested,
mese,Arme,n/a,Smith (1624) & Strachey (1612),Public Domain,Historical Colonial,Bulk ingested,
meascoh,Armes,n/a,Smith (1624) & Strachey (1612),Public Domain,Historical Colonial,Bulk ingested,
kensekit,Arse,n/a,Smith (1624) & Strachey (1612),Public Domain,Historical Colonial,Bulk ingested,
pungwe,Ashes,n/a,Smith (1624) & Strachey (1612),Public Domain,Historical Colonial,Bulk ingested,
ariqwossac,Aunts,n/a,Smith (1624) & Strachey (1612),Public Domain,Historical Colonial,Bulk ingested,
aumaumer,Awake,n/a,Smith (1624) & Strachey (1612),Public Domain,Historical Colonial,Bulk ingested,
rarascaū,Aire,n/a,Smith (1624) & Strachey (1612),Public Domain,Historical Colonial,Bulk ingested,
fier,Boketawh,n/a,Smith (1624) & Strachey (1612),Public Domain,Historical Colonial,Bulk ingested,
a girdle,Bagwanchy basson,n/a,Smith (1624) & Strachey (1612),Public Domain,Historical Colonial,Bulk ingested,
fill the pipe with tobacco,Bmseran apook,n/a,Smith (1624) & Strachey (1612),Public Domain,Historical Colonial,Bulk ingested,
porasap vttamancoch,A bag,n/a,Smith (1624) & Strachey (1612),Public Domain,Historical Colonial,Bulk ingested,
cuttoundg,To bark,n/a,Smith (1624) & Strachey (1612),Public Domain,Historical Colonial,Bulk ingested,
ohtamocan,A barrell,n/a,Smith (1624) & Strachey (1612),Public Domain,Historical Colonial,Bulk ingested,
matawiowijh,A batchellor,n/a,Smith (1624) & Strachey (1612),Public Domain,Historical Colonial,Bulk ingested,
aitowh,A ball,n/a,Smith (1624) & Strachey (1612),Public Domain,Historical Colonial,Bulk ingested,
paatchkiscaw,Bald,n/a,Smith (1624) & Strachey (1612),Public Domain,Historical Colonial,Bulk ingested,
momonsacqweo,A beare,n/a,Smith (1624) & Strachey (1612),Public Domain,Historical Colonial,Bulk ingested,
maucaqwins,A bell,n/a,Smith (1624) & Strachey (1612),Public Domain,Historical Colonial,Bulk ingested,
peccatoas,Beanes,n/a,Smith (1624) & Strachey (1612),Public Domain,Historical Colonial,Bulk ingested,
weihsatonowans,A beard,n/a,Smith (1624) & Strachey (1612),Public Domain,Historical Colonial,Bulk ingested,
"cawwaivwh, petaocawin",A bed,n/a,Smith (1624) & Strachey (1612),Public Domain,Historical Colonial,Bulk ingested,
"auntemdun, nooueshetun",To beat out with a cudgell,n/a,Smith (1624) & Strachey (1612),Public Domain,Historical Colonial,Bulk ingested,
vshvccohomen,To beat corn into meale,n/a,Smith (1624) & Strachey (1612),Public Domain,Historical Colonial,Bulk ingested,
vtssetecuttawsew,To beat any iron to an edge,n/a,Smith (1624) & Strachey (1612),Public Domain,Historical Colonial,Bulk ingested,
accongaivwh,To bend,n/a,Smith (1624) & Strachey (1612),Public Domain,Historical Colonial,Bulk ingested,
sansaqivawwh,Not to bend,n/a,Smith (1624) & Strachey (1612),Public Domain,Historical Colonial,Bulk ingested,
vtcharund,Before,n/a,Smith (1624) & Strachey (1612),Public Domain,Historical Colonial,Bulk ingested,
taangoqwaÿk,Behind,n/a,Smith (1624) & Strachey (1612),Public Domain,Historical Colonial,Bulk ingested,
nousomon,Below,n/a,Smith (1624) & Strachey (1612),Public Domain,Historical Colonial,Bulk ingested,
vtshemaijn,Beneath,n/a,Smith (1624) & Strachey (1612),Public Domain,Historical Colonial,Bulk ingested,
cultassamais,A beggar,n/a,Smith (1624) & Strachey (1612),Public Domain,Historical Colonial,Bulk ingested,
wingutscaho,Better,n/a,Smith (1624) & Strachey (1612),Public Domain,Historical Colonial,Bulk ingested,
"tshehip, tshetcheindg",A bird,n/a,Smith (1624) & Strachey (1612),Public Domain,Historical Colonial,Bulk ingested,
cawahcheims,A small bird or chicken,n/a,Smith (1624) & Strachey (1612),Public Domain,Historical Colonial,Bulk ingested,
ahshowcutteis,A bird with carnation-coloured wings,n/a,Smith (1624) & Strachey (1612),Public Domain,Historical Colonial,Bulk ingested,
monahamshaw,"A bird like a lapwing, collour grey, which useth the water",n/a,Smith (1624) & Strachey (1612),Public Domain,Historical Colonial,Bulk ingested,
osasianticus,A bird called a Divedapper,n/a,Smith (1624) & Strachey (1612),Public Domain,Historical Colonial,Bulk ingested,
mehkewh,The bill or beak,n/a,Smith (1624) & Strachey (1612),Public Domain,Historical Colonial,Bulk ingested,
"amin, nussacun",To bite,n/a,Smith (1624) & Strachey (1612),Public Domain,Historical Colonial,Bulk ingested,
vsqwausum,A bitch,n/a,Smith (1624) & Strachey (1612),Public Domain,Historical Colonial,Bulk ingested,
mahcatawaiuwh,Black,n/a,Smith (1624) & Strachey (1612),Public Domain,Historical Colonial,Bulk ingested,
osaih,Blew,n/a,Smith (1624) & Strachey (1612),Public Domain,Historical Colonial,Bulk ingested,
nepotatamen,To blow any thing,n/a,Smith (1624) & Strachey (1612),Public Domain,Historical Colonial,Bulk ingested,
vnetagwushomon,Blew beades,n/a,Smith (1624) & Strachey (1612),Public Domain,Historical Colonial,Bulk ingested,
accoondews,"Blew berries of the bignes of grapes, very pleasant",n/a,Smith (1624) & Strachey (1612),Public Domain,Historical Colonial,Bulk ingested,
wijhwaivwh,Blunt,n/a,Smith (1624) & Strachey (1612),Public Domain,Historical Colonial,Bulk ingested,
neihpunsannvwh,To make any thing blunt,n/a,Smith (1624) & Strachey (1612),Public Domain,Historical Colonial,Bulk ingested,
taccahooc,Block,n/a,Smith (1624) & Strachey (1612),Public Domain,Historical Colonial,Bulk ingested,
nehpaangunnū,Bluid,n/a,Smith (1624) & Strachey (1612),Public Domain,Historical Colonial,Bulk ingested,
auhtab,A bow,n/a,Smith (1624) & Strachey (1612),Public Domain,Historical Colonial,Bulk ingested,
aupeis,A bowstring,n/a,Smith (1624) & Strachey (1612),Public Domain,Historical Colonial,Bulk ingested,
acomtan,A boat,n/a,Smith (1624) & Strachey (1612),Public Domain,Historical Colonial,Bulk ingested,
poheewh,A bottle,n/a,Smith (1624) & Strachey (1612),Public Domain,Historical Colonial,Bulk ingested,
cutsotahwooc,A bourd,n/a,Smith (1624) & Strachey (1612),Public Domain,Historical Colonial,Bulk ingested,
potopotawh tawh,To boyle up,n/a,Smith (1624) & Strachey (1612),Public Domain,Historical Colonial,Bulk ingested,
vscapess,A boy,n/a,Smith (1624) & Strachey (1612),Public Domain,Historical Colonial,Bulk ingested,
assowpook,A box in which they play at a certain kynd of game,n/a,Smith (1624) & Strachey (1612),Public Domain,Historical Colonial,Bulk ingested,
"okisher, okinsher",The bob of the gynny wheat without corne,n/a,Smith (1624) & Strachey (1612),Public Domain,Historical Colonial,Bulk ingested,
appoans,Bread,n/a,Smith (1624) & Strachey (1612),Public Domain,Historical Colonial,Bulk ingested,
taccaho appoans,Bread made of a woat called,n/a,Smith (1624) & Strachey (1612),Public Domain,Historical Colonial,Bulk ingested,
qwunnumsc,A braser,n/a,Smith (1624) & Strachey (1612),Public Domain,Historical Colonial,Bulk ingested,
metucs,A bridge,n/a,Smith (1624) & Strachey (1612),Public Domain,Historical Colonial,Bulk ingested,
apetawh poan,To broyle or toast bread,n/a,Smith (1624) & Strachey (1612),Public Domain,Historical Colonial,Bulk ingested,
vdesinamun,To breake with one's fingers any thing,n/a,Smith (1624) & Strachey (1612),Public Domain,Historical Colonial,Bulk ingested,
"paskeaw, vdeistahamū",To break with stryking on any thing,n/a,Smith (1624) & Strachey (1612),Public Domain,Historical Colonial,Bulk ingested,
ketarowksumah,To break all in pieces,n/a,Smith (1624) & Strachey (1612),Public Domain,Historical Colonial,Bulk ingested,
perew,To be broken or crackt,n/a,Smith (1624) & Strachey (1612),Public Domain,Historical Colonial,Bulk ingested,
muscaussum,Bright or plaine all over,n/a,Smith (1624) & Strachey (1612),Public Domain,Historical Colonial,Bulk ingested,
paaksetower,To bring into the boat,n/a,Smith (1624) & Strachey (1612),Public Domain,Historical Colonial,Bulk ingested,
patow,To bring agayne,n/a,Smith (1624) & Strachey (1612),Public Domain,Historical Colonial,Bulk ingested,
osawas,Brasse,n/a,Smith (1624) & Strachey (1612),Public Domain,Historical Colonial,Bulk ingested,
vnetawvnnū,To bruise any thing small,n/a,Smith (1624) & Strachey (1612),Public Domain,Historical Colonial,Bulk ingested,
nemat,A brother,n/a,Smith (1624) & Strachey (1612),Public Domain,Historical Colonial,Bulk ingested,
vnepawahumū,A brush,n/a,Smith (1624) & Strachey (1612),Public Domain,Historical Colonial,Bulk ingested,
cawmdguc,A bramble or brier,n/a,Smith (1624) & Strachey (1612),Public Domain,Historical Colonial,Bulk ingested,
Tshekehicawwuns,A broome,n/a,Smith (1624) & Strachey (1612),Public Domain,Historical Colonial,Bulk ingested,
manaang,gwas - A butterfly,n/a,Smith (1624) & Strachey (1612),Public Domain,Historical Colonial,Bulk ingested,
cutchow matowran,To burne as if a shake light on any thing,n/a,Smith (1624) & Strachey (1612),Public Domain,Historical Colonial,Bulk ingested,
metucsmarakimmins,A bunch of grapes,n/a,Smith (1624) & Strachey (1612),Public Domain,Historical Colonial,Bulk ingested,
